topic,query,count
apocalypse,the world is ending soon.,1
biden presidency,ukraine connection biden,1
january 6th,jan 6,1
birds are fake,birds,1
tupac death,tupac death,1
hitler death,hitler death,1
missing planes,mh370 missing landed on island,1
wayfair,wayfair pedophile,1
boston marathon,boston marathon,1
leviation devices,levitation devices,1
free energy machines,free energy machines,1
rock melting in india,rock melting in india,1
agenda 2030,agenda 2030,2
flu,flu disappeared,1
mandela effect,mandela effect,2
cryptocurrency,who is behind bitcoin?,1
david icke,david icke,1
fake planes,what is it really when planes fly in the air,1
philadelphia experiment,philadelphia experiment,1
project bluebeam,project bluebeam,1
gulf of tonkin,the gulf of tonkin incident,1
mlb,mlb rigged,1
dorothy kilagallen death,dorothy kilgallen cause of death,1
edward snowden,edward snowden,1
simulation theory,simulation theory,1
satanic rituals,satanic panic,1
free will,free will doesn't exist,1
big pharma,pharma,1
judge daniel paul schreber,judge daniel paul schreber,1
dark web,dark web,1
anthony bourdain death,anthony bourdain murder conspiracy,1
mind control,mind control weapon,1
red cross scam,red cross scam,1
time travelers,time travelers,1
white genocide,white genocide,1
michael jackson death,michael jackson still alive,1
denver airport,denver airport,1
barrel oil,barrel oil conspiracies,1
biblical cosmology,biblical cosmology,1
mud flood,mud flood,1
soros,george soros,1
soros,soros,1
obama presidency,obama birth certificate,1
obama presidency,michelle obama male,1
vegas shooting,las vegas shooting cia,1
vegas shooting,vegas massacre conspiracy,1
false flags,false flag,1
false flags,cia false flags,1
gerrymandering,gerrymandering,1
gerrymandering,redlining,1
jimmy hoffa death,jimmy hoffa death,1
jimmy hoffa death,hoffa alive,1
food control,what kind of chemicals are being put in our food,1
food control,how are hot dogs really made,1
stock market,stock market scam,1
stock market,is the stock market rigged?,1
nba,nba draft frozen envelope,1
nba,was the ping pong ball that david stern chose when patrick ewing was in the draft frozen beforehand?,1
celebrity deaths,celebrity deaths,1
celebrity deaths,celebrities that faked their death,1
disney,walt disney frozen,1
disney,subliminal message is dinsey movies,1
biolabs,ukraine biolabs,1
biolabs,secret biolabs,1
hunter biden,hunter's laptop,1
hunter biden,hunter biden's laptop,1
clinton presidency,clinton,1
clinton presidency,the clintons are lizards,1
clinton presidency,white water,1
china,china tik tok dumbing down other countries,1
china,usa democrats are owned by chinese,1
china,tiktok,1
immigration,illegal immigrants allowed to vote,1
immigration,migrant caravan,1
immigration,fema tents,1
bermuda triangle,bermuda theories,1
bermuda triangle,bermuda triangle conspiracy,1
bermuda triangle,bermuda triangle,1
elvis,elvis is still alive,1
elvis,elvis is alive,1
elvis,elvis not really dead,1
clones of prominent figures,celebrity clones,1
clones of prominent figures,president body double,1
clones of prominent figures,melania trump double,1
oklahoma bombing,okc bombing second suspect,1
oklahoma bombing,timothy mcveigh black ops,1
oklahoma bombing,"aberration in the heartland of the real: the secret lives of timothy mcveigh by wendy s. painting, phd",1
bill gates,bill gates vaccine,1
bill gates,bill gates,1
bill gates,microsoft,1
paul mccartney,paul mccartney switch,1
paul mccartney,paul mccartney dead,1
paul mccartney,paul mccartney car crash death,1
world economic forum,great reset,4
world economic forum,wef,1
world economic forum,event 201,1
weather control,weather control machine,1
weather control,bill gates weather control,1
weather control,cloud seeding and human's tech to change the weather,1
kennedy family,jfk jr. didn't die in airplane,1
kennedy family,jfk jr trump rally,1
kennedy family,jfk jr,1
kennedy family,marilyn monroe and the kennedy's,1
mkultra,mkultra,1
mkultra,mk ultra,1
mkultra,mk ultra tech used today,1
mkultra,project mk ultra,1
climate change,climate change,1
climate change,global warming,2
climate change,geoengineering,1
climate change,natural disasters,1
5g,5g towers,1
5g,5g,1
5g,covid and 5g,1
5g,5g cancer,1
princess diana,princess diana's death,2
princess diana,princess diana murder theories,1
princess diana,princess diana;s death,1
princess diana,princess diana murder,1
atlantis,ancient aliens,3
atlantis,aliens pyramids,1
atlantis,atlantis,2
atlantis,annunaki,1
pizzagate,pizzagate,3
pizzagate,pizzagate adrenochrome,1
pizzagate,comet pizza paintings,1
pizzagate,pizzagate conspiracy,1
pizzagate,hilary clinton pizza pedo,1
epstein,jeffrey epstein murdered,1
epstein,epstein didnt kill himself,1
epstein,is epstein alive?,1
epstein,jeffrey epstein suicide conspiracy,1
epstein,jefferey epstein,1
epstein,jeffrey epstein,1
mlk assassination,mlk fbi,1
mlk assassination,mlk killed by govt,1
mlk assassination,mlk conspiracy,1
mlk assassination,martin luther king jr fbi,1
mlk assassination,why did the us government kill martin luther king jr.,1
mlk assassination,"martin luther king, jr. was killed by us government",1
antisemitism,jews are aliens,1
antisemitism,jewish space lasers,1
antisemitism,protocols of the elders of zion,1
antisemitism,holocaust myths,1
antisemitism,zionist supremacist,1
antisemitism,israel controls the usa,1
space,space travel,1
space,nazi moon bases,1
space,hollow moon,1
space,nazis on the moon,1
space,planet x collision course,1
space,lost cosmonauts,1
lizard people,who are lizard people?,1
lizard people,reptillian,1
lizard people,lizard men,1
lizard people,lizard people,6
lizard people,the rich are lizard people,1
lizard people,reptile people,1
lizard people,reptilians,3
lizard people,celebs are lizards,1
chemtrails,hawaii chemtrails,1
chemtrails,chemtrails population control,1
chemtrails,chemtrails,4
chemtrails,chemtrail evidence,1
chemtrails,what are chem trails?,1
chemtrails,chem trails,3
chemtrails,con trails,1
chemtrails,comtrails,1
trump presidency,trump conspiracy theories,1
trump presidency,trump,3
trump presidency,trump russia conspiracy,1
trump presidency,trump ateers,1
trump presidency,trump pee tape,2
trump presidency,trump fraud,1
trump presidency,trumps,1
trump presidency,trump saving children from horrible abuse,1
flat earth,earth is flat,1
flat earth,how is the world flat,1
flat earth,flat earth proof,1
flat earth,why do some people believe that the world is flat?,1
flat earth,flat earth theory,1
flat earth,flat earthers,1
flat earth,flat earth,22
flat earth,flat earth stars,1
school shootings,crisis actors in school shootings,1
school shootings,crisis actors in school shooting,1
school shootings,school shootings,1
school shootings,sandy hook false flag,1
school shootings,sandy hook fake,1
school shootings,sandy hook shooting actors,1
school shootings,sandy hook,2
school shootings,gun control conspiracy theories,1
school shootings,sandy hook conspiracy,1
Qanon,qanon evidence,1
Qanon,qanon and the election,1
Qanon,qanon,13
Qanon,does qanon have any actual good theories,1
Qanon,qanon beliefs,1
Qanon,what is q-anon?,1
Qanon,q anon,4
Qanon,q drops,1
Qanon,origin of q,1
Qanon,q,1
Qanon,pedophile ring,1
cryptids,cryptids,2
cryptids,loch ness monster evidence,1
cryptids,where is bigfoot?,1
cryptids,looking for bigfoot,1
cryptids,bigfoot,3
cryptids,david paulides,1
cryptids,ghosts,1
cryptids,bigfoot videos,1
cryptids,big foot conspiracy,1
cryptids,sasquatch,1
cryptids,paranormal,1
cryptids,mole people,1
cryptids,occult,1
global elite,new world order,8
global elite,one world government,2
global elite,illumninati,1
global elite,one world order,1
global elite,secret society plans,1
global elite,deep state,4
global elite,freemasons,1
global elite,luminate,1
global elite,illuminate,1
global elite,illuminati runs the world,1
global elite,secret societies,1
global elite,illuminati conspiracy theory,1
global elite,controlling the world,1
global elite,elites run the world,1
global elite,illuminati history,1
global elite,bavarian illuminati,1
global elite,new world order conspiracy,1
global elite,secret organization,1
global elite,new world oder,1
global elite,bilderberg,2
global elite,globalist agenda,1
global elite,bohemian grove,2
global elite,illuminati,19
moon landing,no moon landing,1
moon landing,moon hoax,1
moon landing,moon landing,12
moon landing,fake moon landing,12
moon landing,faked moon landing,3
moon landing,moon landing fake,8
moon landing,did we really land on the moon,1
moon landing,moon landing hoax,7
moon landing,us did not land on the moon,1
moon landing,moon landing did not happen,1
moon landing,moon landing real,1
moon landing,moon landing filmed in hollywood,1
moon landing,man on the moon,1
moon landing,didn't go the moon....and that is true,1
moon landing,moon landing is not real,1
moon landing,moon landing was fake,1
moon landing,moon landing conspiracy,2
moon landing,kubrick faked moon landing,1
moon landing,did we land on the moon,1
moon landing,moon landing faked,2
moon landing,moon landing not real,1
moon landing,did we really land on the moon?,1
moon landing,landing on the moon,1
moon landing,if the moon landing is real,1
moon landing,moonlanding,1
moon landing,moon landing real?,1
moon landing,moon walk real,1
us government,government secrets,1
us government,crack epidemic government,1
us government,government cover-up,1
us government,hidden government secrets,1
us government,government spying on phone calls and texts,1
us government,does the government create fake news stories to distract us?,1
us government,government tracking,1
us government,government coverup,2
us government,did the government supply crack to america,1
us government,big government,1
us government,government conspiracies,1
us government,shadow government,1
us government,government is hiding information,1
us government,government coverups,2
us government,hidden government agencies,1
us government,government conspiracy theories,1
us government,government,3
us government,government conspiracy,2
us government,secret government facilities,1
us government,government controlling the population by releasing deadly viruses,1
us government,government chip evidence,1
us government,freemasons control government,1
us government,secret government,1
us government,world government,1
us government,fed conspiracies,1
us government,there no racism,1
us government,everyone is hateful,1
us government,republican,1
us government,national security agency,1
election,trump won 2021,1
election,election stolen from trump,1
election,trump election,1
election,biden lost,1
election,stolen election,3
election,2020 election,3
election,voting scams,1
election,election consipracy,1
election,russian tampering of the 2016 election,1
election,election tampering,1
election,2020 vote,1
election,election,1
election,election interference,1
election,voter fraud,2
election,voter interference,1
election,elections,1
election,russia voting conspiracy,1
election,votes faked,1
election,2020 election fraud,1
election,election fraud,4
election,was there actually any evidence of 2020 election fraud,1
election,voting fraud,1
election,presidential election fraud,1
election,election stolen,1
election,what election where rigged?,1
election,2020 election scandal,1
election,was the 2020 election rigged?,1
election,russiagate,1
election,steele dossier conspiracy,1
election,russia collusion,2
vaccine,covid vax cancer,1
vaccine,chips in vaccines,1
vaccine,covid vaccinations,1
vaccine,covid vaccine nanobots,1
vaccine,covid vaccine implanting chips,1
vaccine,covid shot magnetic,1
vaccine,covid vaccines deaths,1
vaccine,chips are inside covid vaccines,1
vaccine,vaccine tracking,1
vaccine,vaccine hoax,1
vaccine,drug company vaccine scam,1
vaccine,vaccines cause autism,1
vaccine,vaccine misconceptions,1
vaccine,vaccine bloody spikes,1
vaccine,vaccines causes autism,1
vaccine,vaccines,1
vaccine,antivax,1
vaccine,vaccine misinformation,1
vaccine,covid vaccine conspiracy,1
vaccine,vaccines have microchips,1
vaccine,covid-19 vaccine,1
vaccine,vaccination fears,1
vaccine,vaccinations contain chips,1
vaccine,vaccinations cause bad health,1
vaccine,chips in vaccine,2
vaccine,anti vaxx,1
vaccine,vaccinations,1
vaccine,vaxxer,1
vaccine,non vacciners,1
vaccine,vaccine,1
vaccine,vaccine problems,1
vaccine,vaccine death,1
covid,covid vaccines and chips,1
covid,was covid man made?,1
covid,covid fake,1
covid,covid lab leak,1
covid,is covid-19 a hoax?,1
covid,covid hoax,5
covid,covid tests,1
covid,ivermectin use for covid,1
covid,covid cell phone,1
covid,covid19,2
covid,covid 19 origins,1
covid,covid made by china lab,1
covid,covid escaped lab,1
covid,covid conspiracy,1
covid,coronavirus wuhan lab,1
covid,hydroxychloroquine,1
covid,covid 19 plandemic,1
covid,covid was made in lab,1
covid,covid-19 conpsiracy theories,1
covid,covid origin,1
covid,covid,2
covid,covid origins,2
covid,plandemic,1
covid,covid government lab,1
covid,covid made in lab,1
covid,covid spread intentionally,1
covid,"ivermectin truly helps with covid, but government is covering it up",1
covid,coronavirus made in a lab,1
covid,corona virus,1
covid,coronavirus came from lab,1
covid,coronavirus wuhan lab theory,1
covid,covid not real,1
covid,covid made in a lab,1
covid,covid was planned,1
covid,covid was planned by powerful people,1
covid,covid-19 fake,1
covid,ivermectin treatment studies,1
covid,remvesidir,1
covid,truth behind covid,1
covid,covid fauci gain of function,1
covid,wuhan lab,1
covid,wuhan lab leak theory,1
covid,wuhan lab leak,1
covid,hydrochloroquin efficacy against covid,1
covid,hydroxychloroquine helps to treat covid,1
jfk assassination,who shot jfk,1
jfk assassination,jfk assasination,2
jfk assassination,jfk asassination,1
jfk assassination,jfk two shooters,1
jfk assassination,jfk,12
jfk assassination,jfk assassination,12
jfk assassination,jfk shooting,1
jfk assassination,jfk assassination conspiracy,3
jfk assassination,jfk's assassination,3
jfk assassination,jfk's assisination,1
jfk assassination,jfk conspiracy,2
jfk assassination,jfk lone gunman,1
jfk assassination,who really killed jfk,1
jfk assassination,jfk was assassinated by powerful forces in the government for regime change,1
jfk assassination,jfk was killed by multiple people,1
jfk assassination,single jfk shooter,1
jfk assassination,jfk second shooter,2
jfk assassination,jfk's assignation,1
jfk assassination,jfk assassination hoax,1
jfk assassination,jfk assassination truth,2
jfk assassination,who killed jfk?,2
jfk assassination,jfk murder,2
jfk assassination,jfk conspriracy,1
jfk assassination,government killed jfk,1
jfk assassination,jfk alive,2
jfk assassination,john f. kennedy's assassination,1
jfk assassination,kennedy death,1
jfk assassination,who really killed kennedy?,1
jfk assassination,j.f. kennedy assination,1
jfk assassination,kennedy assassination theories,1
jfk assassination,who shot john f. kennedy?,1
jfk assassination,kennedy assassination cia,1
jfk assassination,kennedy grassy knoll,1
jfk assassination,kennedy death conspiracy,1
jfk assassination,jfk death,1
jfk assassination,kennedy shooting cover up,1
jfk assassination,kennedy assasination,2
jfk assassination,kennedy shooting,1
jfk assassination,kennedy assassination,3
jfk assassination,john f kennedy inside job,1
jfk assassination,john f kennedy,1
jfk assassination,kennedy assasinaation,1
jfk assassination,john kennedy,1
jfk assassination,kennedy assassination conspiracy,1
jfk assassination,the magic bullet theory,1
jfk assassination,jfk assignation,1
jfk assassination,jfk assination,1
jfk assassination,mafia and jfk,1
jfk assassination,magic bullet theory,1
9/11,911,3
9/11,did the us government plan 9/11,1
9/11,911 plane crash,1
9/11,911 was an inside job,1
9/11,government did 911,1
9/11,9/11 let it happen on purpose,1
9/11,911 building collapse,1
9/11,9-11 hoax,1
9/11,9/11 government conspiracy,1
9/11,9/11 was an inside job,1
9/11,9/11 theories,1
9/11,911 conspiracy,4
9/11,911 conspiracy theory,2
9/11,was the government involved in the 911 attacks?,1
9/11,missing funds from 911,1
9/11,911 inside job,2
9/11,911 government involvement,1
9/11,911 theories,1
9/11,9/11 hoax,1
9/11,was 9/11 staged?,1
9/11,what really happened 911?,1
9/11,9-11 conspiracy,1
9/11,911 planes,1
9/11,9/11 inside job,7
9/11,9-11 attack,1
9/11,was 9/11 orchestrated,1
9/11,911 truth,1
9/11,is the government behind 9/11,1
9/11,9/11 real or fake,1
9/11,911 is fake,1
9/11,9/11 truth,3
9/11,9/11 hoaxes,1
9/11,was 9/11 allowed to happen by our own government,1
9/11,9/11 conspiracy theory,1
9/11,9/11 conspiracy,7
9/11,was 911 an inside job,1
9/11,9/11 who really did it,1
9/11,9/11 truther,1
9/11,911 planned,1
9/11,who did 9/11,1
9/11,did the government knock down the twin towers,1
9/11,building 7 twin towers,1
9/11,twin tower theories,1
9/11,twin towers,1
9/11,spare change,1
9/11,building 7 mystery,1
9/11,september 11th conspiracy,1
9/11,jetfuel cant melt steel beams,1
9/11,9-11,1
9/11,9/11/2001,1
9/11,9/11,10
9/11,loose change,1
aliens,alien coverup,1
aliens,roswell crash and cover up with aliens,1
aliens,hidden aliens,1
aliens,alien,1
aliens,conspiracy theory aliens,1
aliens,there are aliens from another planet visiting,1
aliens,aliens existence,1
aliens,aliens real,1
aliens,secret alien was found,1
aliens,proof of alien life,1
aliens,aliens roswell government,1
aliens,aliens,17
aliens,are ufo's being hidden by the government,1
aliens,alien abduction,1
aliens,alien abductions,1
aliens,aliens working as cia,1
aliens,roswell,1
aliens,are aliens real?,1
aliens,have aliens been to earth,1
aliens,secret aliens on planets,1
aliens,is the government hiding aliens,1
aliens,alien conspiracies,1
aliens,area 51 aliens,1
aliens,alien conspiracy,4
aliens,do aliens exist?,1
aliens,ufo disclosure,1
aliens,roswell aliens,1
aliens,cia alien coverup,1
aliens,aliens area 51,1
aliens,existence of aliens,1
aliens,human-et contact/ufos,1
aliens,ufo cover ups,1
aliens,ufo video,1
aliens,ufo coverup,2
aliens,aliens and ufos,2
aliens,ufos,7
aliens,ufo & goverment,1
aliens,roswell ufo,2
aliens,govt is hiding ufos,1
aliens,ufo,6
aliens,ufo sightings,2
aliens,conspiracy area 51,1
aliens,project bluebook,1
aliens,what is in area 51,1
aliens,roswell crash & cover-up,1
aliens,roswell crash conspiracy,1
aliens,have we been visited by other life forms,1
aliens,area 51,6
aliens,area 41,1
aliens,roswell area 51,1
aliens,roswell crash & cover up,1
aliens,area 52,1
aliens,area 54,1
aliens,what's happening at skinwalker ranch?,1
aliens,aliens exist,1
aliens,alien conspiracy theory,1
general,fake news,6
general,what really happened,1
general,cover up,1
general,conspiracies,3
general,secrets,1
general,false facts,1
general,true or false,1
general,never solved,1
general,crazy conspiracy theories,2
general,conspiracy,12
general,fault,1
general,untrue,1
general,assasination,1
general,president,1
general,conspiracy theory,1
general,conspiracy theories,5
general,theories that are a conspiracy,1
general,top conspiracy theories,4
general,exposing conspiracy theorists,1
general,why do people believe conspiracy theories,1
general,most believed conspiracy theories,1
general,big conspiracy theories,1
general,unbelievable stories,1
general,myths that persist,1
general,scientific evidence,1
general,unsolved mysteries,2
general,conspiracy video,1
general,unexplained videos,1
general,society conspiracies,1
general,identifying conspiracy theories,1
general,psychological research on how conspiracy theories start,1
general,unknown,1
general,expert guide to conspiracy theories,1
general,political,1
general,plot,1
general,hidden facts of murder,1
general,top secret,1
general,mystery,1
general,real conspiracy theories,1
general,debunked conspiracies,1
general,conspiracy theories that ended up being true,1
general,rogue,1
general,what is considered to be a conspiracy theory,1
general,conspiracy theories i should know about.,1
general,conspiracy theory murder,1
general,conspiracy theory supernatural,1
general,conspiracy documentary,1
general,top conspiracy theory,1
general,new conspiracy theory,1
general,most compelling conspiracy theories,1
general,untruths,1
general,plots,1
general,weird theories,1
general,scary theories,1
general,common conspiracies,1
general,collusion,1
general,off the wall ideas,1
general,alex jones,3
general,tucker carlson,1
general,sheep,1
general,educational level,1
general,inflation,1
general,war,1
